"","word","n"
"1","complex",21
"2","difficulty",18
"113","grounded",13
"3","negative",12
"114","argument",12
"115","complexity",12
"4","frustration",11
"5","difficult",10
"6","confusion",9
"7","dragoon",9
"8","issue",9
"9","issues",8
"116","challenge",8
"117","intervention",8
"10","critical",7
"11","errors",7
"118","influence",7
"12","erroneous",6
"119","dependent",6
"13","boredom",5
"14","conflict",5
"15","fake",5
"120","serve",5
"16","challenging",4
"17","limited",4
"121","argue",4
"122","discipline",4
"123","diverse",4
"124","scheme",4
"18","bias",3
"19","cloud",3
"20","delayed",3
"21","difficulties",3
"22","error",3
"23","regression",3
"24","struggle",3
"25","wicked",3
"125","demand",3
"126","diagnosis",3
"127","gap",3
"128","ill",3
"129","rifle",3
"26","concerned",2
"27","concerns",2
"28","emergency",2
"29","ignore",2
"30","incomplete",2
"31","incorrect",2
"32","irrelevant",2
"33","lack",2
"34","lacks",2
"35","limitations",2
"36","mystery",2
"37","object",2
"38","poor",2
"39","rhetorical",2
"40","risks",2
"41","superficial",2
"130","actionable",2
"131","capture",2
"132","constraint",2
"133","cross",2
"134","foreign",2
"135","hidden",2
"136","inattention",2
"137","late",2
"138","lower",2
"139","opposed",2
"140","rating",2
"141","subject",2
"142","versus",2
"42","abuse",1
"43","ambiguity",1
"44","anger",1
"45","anxiety",1
"46","apprehension",1
"47","biased",1
"48","blind",1
"49","break",1
"50","breaking",1
"51","burden",1
"52","carelessness",1
"53","cold",1
"54","commonplace",1
"55","concern",1
"56","detrimental",1
"57","dilemma",1
"58","disagree",1
"59","disgust",1
"60","disturbing",1
"61","dropout",1
"62","evade",1
"63","exclusion",1
"64","failed",1
"65","failing",1
"66","fall",1
"67","falls",1
"68","fear",1
"69","grapple",1
"70","hard",1
"71","illness",1
"72","implication",1
"73","impractical",1
"74","incorrectly",1
"75","inextricable",1
"76","instigate",1
"77","intrusion",1
"78","isolate",1
"79","lacking",1
"80","lagged",1
"81","lies",1
"82","limitation",1
"83","misconceptions",1
"84","neglected",1
"85","neurotic",1
"86","noisy",1
"87","opposition",1
"88","overstated",1
"89","overweight",1
"90","pervasive",1
"91","problematic",1
"92","proprietary",1
"93","radically",1
"94","randomly",1
"95","risk",1
"96","sad",1
"97","sadness",1
"98","scant",1
"99","scratch",1
"100","split",1
"101","strained",1
"102","stymied",1
"103","temptation",1
"104","threat",1
"105","threats",1
"106","troubling",1
"107","unavoidably",1
"108","uncontrolled",1
"109","unexpected",1
"110","unforgiving",1
"111","unknown",1
"112","weak",1
"143","abandonment",1
"144","aberrant",1
"145","abundance",1
"146","anonymous",1
"147","appropriation",1
"148","armed",1
"149","bottom",1
"150","combat",1
"151","competition",1
"152","constrained",1
"153","contrary",1
"154","contrasted",1
"155","disconnect",1
"156","dominant",1
"157","examination",1
"158","execution",1
"159","expenses",1
"160","exposed",1
"161","force",1
"162","government",1
"163","hearing",1
"164","heavily",1
"165","immediately",1
"166","inaccessible",1
"167","infrequently",1
"168","laborious",1
"169","latent",1
"170","lessen",1
"171","mismatch",1
"172","missing",1
"173","mother",1
"174","plagiarism",1
"175","player",1
"176","pose",1
"177","quiz",1
"178","remains",1
"179","rigorous",1
"180","shed",1
"181","skip",1
"182","unconscious",1
"183","words",1
